{"Range":{"max":1.7976931348623157E+308,"min":-1.7976931348623157E+308},"SampleCount":0,"ValueCount":659980,"Avg":0.71568077820540021,"Max":34.0,"Min":-4.0,"StdDev":4.4943989741595223,"Sum":472335.0,"SumSquare":13669367.5,"Values":null,"SampleStdDevs":null,"ValuesSumSquare":null,"MaxNumSamples":0,"Value":0.0,"SampleSteps":1,"QuantityCount":1}