{"Range":{"max":1.7976931348623157E+308,"min":-1.7976931348623157E+308},"SampleCount":0,"ValueCount":659980,"Avg":-0.21177762962516758,"Max":10.0,"Min":-10.0,"StdDev":3.224594198253099,"Sum":-139769.0000000181,"SumSquare":6892066.7000014521,"Values":null,"SampleStdDevs":null,"ValuesSumSquare":null,"MaxNumSamples":0,"Value":0.0,"SampleSteps":1,"QuantityCount":1}