{"Range":{"max":1.7976931348623157E+308,"min":-1.7976931348623157E+308},"SampleCount":0,"ValueCount":659980,"Avg":3.4035425315918664,"Max":50.0,"Min":0.0,"StdDev":10.949383003671009,"Sum":2246270.0,"SumSquare":86769490.0,"Values":null,"SampleStdDevs":null,"ValuesSumSquare":null,"MaxNumSamples":0,"Value":0.0,"SampleSteps":1,"QuantityCount":1}