{"Range":{"max":1.7976931348623157E+308,"min":-1.7976931348623157E+308},"SampleCount":0,"ValueCount":659980,"Avg":7.59104821358223,"Max":100.0,"Min":-1.0,"StdDev":20.893003424456793,"Sum":5009940.0,"SumSquare":326123140.0,"Values":null,"SampleStdDevs":null,"ValuesSumSquare":null,"MaxNumSamples":0,"Value":0.0,"SampleSteps":1,"QuantityCount":1}