{"Range":{"max":1.7976931348623157E+308,"min":-1.7976931348623157E+308},"SampleCount":0,"ValueCount":659980,"Avg":1.3036001090942151,"Max":15.0,"Min":-9.8999999999999773,"StdDev":3.9588326955740394,"Sum":860350.0,"SumSquare":11464978.399997035,"Values":null,"SampleStdDevs":null,"ValuesSumSquare":null,"MaxNumSamples":0,"Value":0.0,"SampleSteps":1,"QuantityCount":1}