{"Range":{"max":1.7976931348623157E+308,"min":-1.7976931348623157E+308},"SampleCount":0,"ValueCount":659980,"Avg":0.071873390102730389,"Max":13.0,"Min":-5.0,"StdDev":1.7062937533279294,"Sum":47435.0,"SumSquare":1924897.5,"Values":null,"SampleStdDevs":null,"ValuesSumSquare":null,"MaxNumSamples":0,"Value":0.0,"SampleSteps":1,"QuantityCount":1}